id,decision,source,reasons,new_title,new_prompt,licence,note
p_0f4e07161b,rewrite,prompts.chat (CC0),DUPLICATE_CONTENT_CC0,Prompt Generator,"Help me write a strong prompt for [task]. First ask me about the goal, the audience, what expertise it needs, the format I want, any examples or references, and what a good result looks like. Ask in one short list. Then write the prompt using my answers, and suggest one or two ways to test it.",,Rewritten in-house from the idea of a public-domain (CC0) prompts.chat prompt.
p_d74e89f027,rewrite,prompts.chat (CC0),DUPLICATE_CONTENT_CC0,Plain-English to SQL Query Writer,"Write a SQL query for [database: PostgreSQL / MySQL / etc.] that does this: [plain-English request]. Here's the schema: [tables and columns]. Write clean, readable SQL with sensible aliases and comments for anything tricky. If the request is ambiguous, state your assumption. Mention any index that would help if the tables are large.",,Rewritten in-house from the idea of a public-domain (CC0) prompts.chat prompt.
p_10ae5ae854,rewrite,prompts.chat (CC0),DUPLICATE_CONTENT_CC0,Isometric City Diorama,"An isometric 3D miniature of [city] on a small square base. Include its best-known landmarks and a few typical streets with cars and people. Show the city's usual weather (fog for San Francisco, for example) and matching light. Clean, toy-like materials, soft shadows and a plain background.",,Rewritten in-house from the idea of a public-domain (CC0) prompts.chat prompt.
p_74224374f9,rewrite,prompts.chat (CC0),DUPLICATE_CONTENT_CC0,Guessing Game Master,"Let's play a guessing game like Akinator. I'm thinking of a [person, animal, object or idea]. Ask me one yes/no question at a time; I can answer yes, no or I don't know. Use my answers to narrow it down and make a guess when you're fairly sure. Try to get it in 20 questions or fewer, and keep count.",,Rewritten in-house from the idea of a public-domain (CC0) prompts.chat prompt.
p_40c7fc2014,rewrite,prompts.chat (CC0),DUPLICATE_CONTENT_CC0,World Landmarks: Hyper-Realistic 3D Dioramas,"A miniature model of [landmark] sitting on a block of earth cut away to show soil and rock layers underneath, with grass, small trees and tiny people on top. Accurate proportions, fine detail, realistic materials. Plain light background, soft studio lighting, like a museum display piece.",,Rewritten in-house from the idea of a public-domain (CC0) prompts.chat prompt.
p_f6feb0d7cf,remove,prompts.chat (CC0),REAL_PERSON_LIKENESS (named footballer),,,,
p_f6a6afa614,rewrite,prompts.chat (CC0),DUPLICATE_CONTENT_CC0,"Director Variation Grid: One Still, Eight Auteur Re-Shoots","Make one square 3x3 grid image from the film still I've uploaded. The middle tile is my still, completely untouched: same framing, color and light. In the other eight tiles, reshoot the same moment as eight well-known directors would have done it (for example Wes Anderson, Kubrick, Wong Kar-wai, Tarantino, Villeneuve, Spielberg, Fincher, Hitchcock). Keep the same characters and basic action, but change framing, lens, color and lighting to match each director. Put each director's name in small plain text under their tile.",,Rewritten in-house from the idea of a public-domain (CC0) prompts.chat prompt.
p_1ce23fe6eb,rewrite,prompts.chat (CC0),DUPLICATE_CONTENT_CC0,Realistic Food Image Generator,"A realistic food photo of [dish], plated the way it's usually served, for a restaurant menu or delivery app. Shot slightly from above on a plain surface with natural light, fresh-looking, with a bit of steam or sauce where it makes sense. No extra props or text, and the food looks like it would on the plate when it arrives.",,Rewritten in-house from the idea of a public-domain (CC0) prompts.chat prompt.
p_eae528d8d6,rewrite,prompts.chat (CC0),DUPLICATE_CONTENT_CC0,Explainer with Analogies,"Explain [topic] to me using analogies. First ask me one or two quick questions to see what I already know. Then give me three different analogies that fit my level, say where each one breaks down, and finish with a short question to check I understood.",,Rewritten in-house from the idea of a public-domain (CC0) prompts.chat prompt.
p_ce2c612c54,rewrite,prompts.chat (CC0),DUPLICATE_CONTENT_CC0,Conventional Commit Message Generator,"Write a commit message for these changes following the Conventional Commits format: [paste git diff or describe changes]. Use the right type (feat, fix, refactor, etc.), add a scope if it's clear, keep the subject under 72 characters in the imperative, and add a short body only if the why isn't obvious. Note any breaking change in the footer. Reply with just the commit message.",,Rewritten in-house from the idea of a public-domain (CC0) prompts.chat prompt.
p_9b6a9e848d,rewrite,prompts.chat (CC0),DUPLICATE_CONTENT_CC0,Remote Worker Fitness Trainer,"I work from home and sit most of the day. Make me a fitness plan. About me: [age, current activity, any injuries], goal: [goal], time I can spare: [minutes per day, days per week], equipment: [what I have]. Give me a weekly schedule, short movement breaks I can do between calls, and simple eating tips that fit a home-office routine. Tell me how to tell if it's working after four weeks.",,Rewritten in-house from the idea of a public-domain (CC0) prompts.chat prompt.
p_d1d61be0c0,rewrite,prompts.chat (CC0),DUPLICATE_CONTENT_CC0,SEO Article Outline From a Keyword,"Outline a 2,000-word article targeting the keyword [keyword]. Look at what the top-ranking pages cover (if you can browse; otherwise tell me you're working from general knowledge) and find what they miss. Give me an H1, the H2 and H3 headings with a suggested word count for each, the questions from search the article should answer, and a short note on search intent. Use the keyword where it reads naturally, not in every heading.",,Rewritten in-house from the idea of a public-domain (CC0) prompts.chat prompt.
p_9c14fbb699,rewrite,prompts.chat (CC0),DUPLICATE_CONTENT_CC0,Health Metrics Calculator,"Build a health metrics calculator as a web page in HTML, CSS and JavaScript. Include BMI with the standard categories, body fat estimate (US Navy method), daily calorie needs (Mifflin-St Jeor) and a target heart rate range. Support metric and imperial units, explain each result in a sentence, and add a note that these are estimates and not medical advice. Make it work on phones and give me complete files.",,Rewritten in-house from the idea of a public-domain (CC0) prompts.chat prompt.
p_9f67c3c7ce,rewrite,prompts.chat (CC0),DUPLICATE_CONTENT_CC0,Isometric 3D Weather Cityscapes (PBR Textures),"An isometric cartoon miniature of [city] seen from above at 45 degrees, showing its best-known landmarks and buildings. Soft, realistic materials and gentle lighting. Show today's weather in the scene (rain, snow, sun or clouds) and put the city name, date and temperature in clean text at the top.",,Rewritten in-house from the idea of a public-domain (CC0) prompts.chat prompt.
p_e7fcf643f1,rewrite,prompts.chat (CC0),DUPLICATE_CONTENT_CC0,Scientific Calculator,"Build a scientific calculator in HTML, CSS and JavaScript. It should handle order of operations and brackets, trig functions with a degrees/radians switch, logs, powers and roots, factorial, memory buttons, and a history of past calculations. Support keyboard input. Don't use eval; write a proper parser. Give me complete files.",,Rewritten in-house from the idea of a public-domain (CC0) prompts.chat prompt.
p_266da8c632,keep,prompts.chat (CC0),NON_ENGLISH;NEAR_DUPLICATE -> noindex via corpus_overrides,,,,
p_17ff074b04,rewrite,prompts.chat (CC0),DUPLICATE_CONTENT_CC0,Decision Filter,"I'm stuck on a decision: [describe it]. Reply with only four things: the decision restated in one sentence, the three factors that actually matter here, which option wins on those factors, and the one thing that would change your answer.",,Rewritten in-house from the idea of a public-domain (CC0) prompts.chat prompt.
p_04c318540f,rewrite,prompts.chat (CC0),DUPLICATE_CONTENT_CC0,Magic Conch Shell Answer Game,"Let's play Magic Conch Shell from SpongeBob. I'll ask you questions and you answer with exactly one of these and nothing else: ""Maybe someday."", ""I don't think so."", ""Try asking again."", ""No."", or ""Yes."" Never explain. First question: [question]",,Rewritten in-house from the idea of a public-domain (CC0) prompts.chat prompt.
